<?xml version="1.0" encoding="utf-8"?>
<quick_access_configuration>
   <tool common="true" display_condition="always" section_id="common_section" tab_id="common_tab" tool_id="save" toolset_id="common_tools"/>
   <tool common="true" display_condition="always" section_id="file" tab_id="editor" tool_id="save_as" toolset_id="editor_toolset">
      <ancestor tool_id="save_as" toolset_id="editor_toolset"/>
   </tool>
   <tool common="true" display_condition="always" section_id="common_section" tab_id="common_tab" tool_id="cut" toolset_id="common_tools"/>
   <tool common="true" display_condition="always" section_id="common_section" tab_id="common_tab" tool_id="copy" toolset_id="common_tools"/>
   <tool common="true" display_condition="always" section_id="common_section" tab_id="common_tab" tool_id="paste" toolset_id="common_tools"/>
   <tool common="true" display_condition="always" section_id="common_section" tab_id="common_tab" tool_id="undo" toolset_id="common_tools"/>
   <tool common="true" display_condition="always" section_id="common_section" tab_id="common_tab" tool_id="redo" toolset_id="common_tools"/>
   <tool display_condition="always" section_id="common_section" tab_id="common_tab" tool_id="switch_windows" toolset_id="common_tools"/>
   <tool common="true" display_condition="always" section_id="common_section" tab_id="common_tab" tool_id="help" toolset_id="common_tools"/>
</quick_access_configuration>